[
  {"model": "usuarios.rol", "pk": 1, "fields": {"nombre": "admin", "descripcion": "Administrador del sistema", "activo": true}},
  {"model": "usuarios.rol", "pk": 2, "fields": {"nombre": "guardia", "descripcion": "Guardia de acceso", "activo": true}},
  {"model": "usuarios.rol", "pk": 3, "fields": {"nombre": "usuario", "descripcion": "Usuario general del sistema", "activo": true}},

  {"model": "usuarios.permiso", "pk": 1,  "fields": {"nombre": "ver_usuarios",       "descripcion": "Ver lista de usuarios",           "modulo": "usuarios"}},
  {"model": "usuarios.permiso", "pk": 2,  "fields": {"nombre": "crear_usuarios",     "descripcion": "Crear nuevos usuarios",           "modulo": "usuarios"}},
  {"model": "usuarios.permiso", "pk": 3,  "fields": {"nombre": "editar_usuarios",    "descripcion": "Editar datos de usuarios",        "modulo": "usuarios"}},
  {"model": "usuarios.permiso", "pk": 4,  "fields": {"nombre": "desactivar_usuarios","descripcion": "Desactivar usuarios",             "modulo": "usuarios"}},
  {"model": "usuarios.permiso", "pk": 5,  "fields": {"nombre": "ver_registros",      "descripcion": "Ver registros de ingreso",        "modulo": "accesos"}},
  {"model": "usuarios.permiso", "pk": 6,  "fields": {"nombre": "validar_qr",         "descripcion": "Validar código QR en ingreso",    "modulo": "accesos"}},
  {"model": "usuarios.permiso", "pk": 7,  "fields": {"nombre": "generar_qr",         "descripcion": "Generar código QR personal",     "modulo": "accesos"}},
  {"model": "usuarios.permiso", "pk": 8,  "fields": {"nombre": "registrar_invitado", "descripcion": "Registrar visitantes externos",  "modulo": "accesos"}},
  {"model": "usuarios.permiso", "pk": 9,  "fields": {"nombre": "ver_estadisticas",   "descripcion": "Ver estadísticas del sistema",   "modulo": "reportes"}},
  {"model": "usuarios.permiso", "pk": 10, "fields": {"nombre": "gestionar_sedes",    "descripcion": "Gestionar sedes universitarias", "modulo": "administracion"}},
  {"model": "usuarios.permiso", "pk": 11, "fields": {"nombre": "gestionar_facultades","descripcion": "Gestionar facultades",          "modulo": "administracion"}},
  {"model": "usuarios.permiso", "pk": 12, "fields": {"nombre": "gestionar_carreras", "descripcion": "Gestionar carreras",             "modulo": "administracion"}},

  {"model": "usuarios.sede", "pk": 1, "fields": {"nombre": "UAGRM Santa Cruz - Campus Central", "ciudad": "Santa Cruz de la Sierra", "departamento": "Santa Cruz", "direccion": "Av. del Ejército s/n", "telefono": "03-3362323", "es_integral": false, "activo": true, "creado_en": "2024-01-01T00:00:00Z"}},
  {"model": "usuarios.sede", "pk": 2, "fields": {"nombre": "UAGRM Montero",              "ciudad": "Montero",              "departamento": "Santa Cruz", "direccion": "Calle 6 de Agosto s/n",  "telefono": null, "es_integral": false, "activo": true, "creado_en": "2024-01-01T00:00:00Z"}},
  {"model": "usuarios.sede", "pk": 3, "fields": {"nombre": "UAGRM Vallegrande",          "ciudad": "Vallegrande",          "departamento": "Santa Cruz", "direccion": null,                     "telefono": null, "es_integral": true,  "activo": true, "creado_en": "2024-01-01T00:00:00Z"}},
  {"model": "usuarios.sede", "pk": 4, "fields": {"nombre": "UAGRM Camiri",               "ciudad": "Camiri",               "departamento": "Santa Cruz", "direccion": null,                     "telefono": null, "es_integral": true,  "activo": true, "creado_en": "2024-01-01T00:00:00Z"}},
  {"model": "usuarios.sede", "pk": 5, "fields": {"nombre": "UAGRM Charagua",             "ciudad": "Charagua",             "departamento": "Santa Cruz", "direccion": null,                     "telefono": null, "es_integral": true,  "activo": true, "creado_en": "2024-01-01T00:00:00Z"}},
  {"model": "usuarios.sede", "pk": 6, "fields": {"nombre": "UAGRM Riberalta",            "ciudad": "Riberalta",            "departamento": "Beni",       "direccion": null,                     "telefono": null, "es_integral": true,  "activo": true, "creado_en": "2024-01-01T00:00:00Z"}},

  {"model": "usuarios.facultad", "pk": 1,  "fields": {"sede": 1, "nombre": "Facultad de Ingeniería en Ciencias de la Computación y Telecomunicaciones (FICCT)", "descripcion": null, "activo": true, "creado_en": "2024-01-01T00:00:00Z"}},
  {"model": "usuarios.facultad", "pk": 2,  "fields": {"sede": 1, "nombre": "Facultad de Ciencias Económicas, Administrativas y Financieras (FCEAF)",             "descripcion": null, "activo": true, "creado_en": "2024-01-01T00:00:00Z"}},
  {"model": "usuarios.facultad", "pk": 3,  "fields": {"sede": 1, "nombre": "Facultad de Ciencias Exactas y Tecnología (FCET)",                                   "descripcion": null, "activo": true, "creado_en": "2024-01-01T00:00:00Z"}},
  {"model": "usuarios.facultad", "pk": 4,  "fields": {"sede": 1, "nombre": "Facultad de Ciencias Jurídicas, Políticas, Sociales y Relaciones Internacionales",    "descripcion": null, "activo": true, "creado_en": "2024-01-01T00:00:00Z"}},
  {"model": "usuarios.facultad", "pk": 5,  "fields": {"sede": 1, "nombre": "Facultad de Humanidades",                                                             "descripcion": null, "activo": true, "creado_en": "2024-01-01T00:00:00Z"}},
  {"model": "usuarios.facultad", "pk": 6,  "fields": {"sede": 1, "nombre": "Facultad de Medicina, Enfermería, Nutrición y Tecnología Médica",                     "descripcion": null, "activo": true, "creado_en": "2024-01-01T00:00:00Z"}},
  {"model": "usuarios.facultad", "pk": 7,  "fields": {"sede": 1, "nombre": "Facultad de Odontología",                                                             "descripcion": null, "activo": true, "creado_en": "2024-01-01T00:00:00Z"}},
  {"model": "usuarios.facultad", "pk": 8,  "fields": {"sede": 1, "nombre": "Facultad de Ciencias Agrícolas",                                                      "descripcion": null, "activo": true, "creado_en": "2024-01-01T00:00:00Z"}},
  {"model": "usuarios.facultad", "pk": 9,  "fields": {"sede": 1, "nombre": "Facultad de Ciencias Veterinarias",                                                   "descripcion": null, "activo": true, "creado_en": "2024-01-01T00:00:00Z"}},
  {"model": "usuarios.facultad", "pk": 10, "fields": {"sede": 1, "nombre": "Facultad de Arquitectura y Urbanismo",                                                 "descripcion": null, "activo": true, "creado_en": "2024-01-01T00:00:00Z"}},
  {"model": "usuarios.facultad", "pk": 11, "fields": {"sede": 1, "nombre": "Facultad de Ciencias de la Salud",                                                    "descripcion": null, "activo": true, "creado_en": "2024-01-01T00:00:00Z"}},
  {"model": "usuarios.facultad", "pk": 12, "fields": {"sede": 2, "nombre": "Facultad Integral del Norte (Montero)",                                               "descripcion": null, "activo": true, "creado_en": "2024-01-01T00:00:00Z"}},
  {"model": "usuarios.facultad", "pk": 13, "fields": {"sede": 3, "nombre": "Facultad Integral Vallegrande",                                                       "descripcion": null, "activo": true, "creado_en": "2024-01-01T00:00:00Z"}},
  {"model": "usuarios.facultad", "pk": 14, "fields": {"sede": 4, "nombre": "Facultad Integral Camiri",                                                            "descripcion": null, "activo": true, "creado_en": "2024-01-01T00:00:00Z"}},
  {"model": "usuarios.facultad", "pk": 15, "fields": {"sede": 5, "nombre": "Facultad Integral Charagua",                                                          "descripcion": null, "activo": true, "creado_en": "2024-01-01T00:00:00Z"}},
  {"model": "usuarios.facultad", "pk": 16, "fields": {"sede": 6, "nombre": "Facultad Integral Riberalta",                                                         "descripcion": null, "activo": true, "creado_en": "2024-01-01T00:00:00Z"}},

  {"model": "usuarios.carrera", "pk": 1, "fields": {"facultad": 1, "nombre": "Ingeniería en Sistemas de Computación e Informática", "codigo": "FICCT-SIS", "duracion_anios": 5, "activo": true, "creado_en": "2024-01-01T00:00:00Z"}},
  {"model": "usuarios.carrera", "pk": 2, "fields": {"facultad": 1, "nombre": "Ingeniería en Telecomunicaciones",                   "codigo": "FICCT-TEL", "duracion_anios": 5, "activo": true, "creado_en": "2024-01-01T00:00:00Z"}},
  {"model": "usuarios.carrera", "pk": 3, "fields": {"facultad": 1, "nombre": "Ingeniería Electrónica",                             "codigo": "FICCT-ELE", "duracion_anios": 5, "activo": true, "creado_en": "2024-01-01T00:00:00Z"}},
  {"model": "usuarios.carrera", "pk": 4, "fields": {"facultad": 12, "nombre": "Ingeniería en Sistemas (Montero)",                  "codigo": "INT-SIS",  "duracion_anios": 5, "activo": true, "creado_en": "2024-01-01T00:00:00Z"}},
  {"model": "usuarios.carrera", "pk": 5, "fields": {"facultad": 12, "nombre": "Contaduría Pública (Montero)",                     "codigo": "INT-CON",  "duracion_anios": 5, "activo": true, "creado_en": "2024-01-01T00:00:00Z"}},
  {"model": "usuarios.carrera", "pk": 6, "fields": {"facultad": 12, "nombre": "Medicina Veterinaria y Zootecnia (Montero)",        "codigo": "INT-VET",  "duracion_anios": 6, "activo": true, "creado_en": "2024-01-01T00:00:00Z"}},

  {"model": "usuarios.usuario", "pk": 1, "fields": {
    "rol": 1,
    "tipo_usuario": "administrativo",
    "nombres": "Administrador",
    "apellidos": "Sistema UAGRM",
    "ci": "00000001",
    "sexo": null,
    "estado_civil": null,
    "fecha_nacimiento": null,
    "nacionalidad": "Boliviana",
    "direccion": null,
    "email": "admin@uagrm.edu.bo",
    "celular": null,
    "telefono": null,
    "password_hash": "240be518fabd2724ddb6f04eeb1da5967448d7e831c08c8fa822809f74c720a9",
    "foto_url": null,
    "activo": true,
    "creado_en": "2024-01-01T00:00:00Z",
    "actualizado_en": "2024-01-01T00:00:00Z"
  }},

  {"model": "usuarios.administrativo", "pk": 1, "fields": {
    "usuario": 1,
    "codigo_admin": "ADM-0001",
    "cargo": "Administrador del Sistema",
    "area": "Tecnología de la Información",
    "fecha_ingreso": "2024-01-01"
  }},

  {"model": "usuarios.empresaexterna", "pk": 1, "fields": {
    "nombre": "Seguridad UAGRM",
    "tipo": "seguridad",
    "nit": "123456789",
    "contacto_nombre": "Coordinación Seguridad",
    "contacto_telefono": null,
    "contacto_email": null,
    "contrato_vigente": true,
    "contrato_desde": "2024-01-01",
    "contrato_hasta": null,
    "activo": true,
    "creado_en": "2024-01-01T00:00:00Z"
  }},

  {"model": "accesos.ingreso", "pk": 1, "fields": {
    "facultad": 1,
    "nombre": "Puerta Principal FICCT",
    "descripcion": "Acceso principal campus central",
    "ubicacion": "Av. del Ejército s/n",
    "activo": true,
    "creado_en": "2024-01-01T00:00:00Z"
  }},

  {"model": "usuarios.usuario", "pk": 2, "fields": {
    "rol": 3,
    "tipo_usuario": "estudiante",
    "nombres": "Luis",
    "apellidos": "Estudiante Prueba",
    "ci": "9755780",
    "sexo": null,
    "estado_civil": null,
    "fecha_nacimiento": null,
    "nacionalidad": "Boliviana",
    "direccion": null,
    "email": "estudiante@uagrm.edu.bo",
    "celular": null,
    "telefono": null,
    "password_hash": "da189e261f6482a233c515f532283d8e8b82862f2dc03fa6e443f528cc9b8251",
    "foto_url": null,
    "activo": true,
    "totp_secret": null,
    "totp_activo": false,
    "creado_en": "2024-01-01T00:00:00Z",
    "actualizado_en": "2024-01-01T00:00:00Z"
  }},

  {"model": "usuarios.estudiante", "pk": 1, "fields": {
    "usuario": 2,
    "nro_registro": "221045678",
    "modalidad_ingreso": "Regular",
    "periodo_ingreso": "2022-1",
    "tipo_sangre": null,
    "titulo_bachiller": null,
    "pais": "Bolivia",
    "departamento_origen": "Santa Cruz",
    "provincia_origen": "Andrés Ibáñez"
  }},

  {"model": "accesos.personafacultad", "pk": 1, "fields": {
    "usuario": 2,
    "facultad": 1,
    "carrera": 1,
    "tipo_vinculo": "estudiante",
    "activo": true,
    "desde": "2024-01-01",
    "hasta": null
  }},

  {"model": "usuarios.usuario", "pk": 3, "fields": {
    "rol": 2,
    "tipo_usuario": "personal_externo",
    "nombres": "Juan",
    "apellidos": "Guardia Prueba",
    "ci": "1234567",
    "sexo": null,
    "estado_civil": null,
    "fecha_nacimiento": null,
    "nacionalidad": "Boliviana",
    "direccion": null,
    "email": "guardia@uagrm.edu.bo",
    "celular": null,
    "telefono": null,
    "password_hash": "ff7119298165adc098cbe124b07ec8f0256d80539c4a4f08e10467700800222c",
    "foto_url": null,
    "activo": true,
    "totp_secret": null,
    "totp_activo": false,
    "creado_en": "2024-01-01T00:00:00Z",
    "actualizado_en": "2024-01-01T00:00:00Z"
  }},

  {"model": "usuarios.personalexterno", "pk": 1, "fields": {
    "usuario": 3,
    "empresa": 1,
    "cargo": "Guardia de seguridad",
    "horario": "07:00-22:00",
    "fecha_inicio": "2024-01-01",
    "fecha_fin": null
  }},

  {"model": "accesos.guardia", "pk": 1, "fields": {
    "usuario": 3,
    "ingreso": 1,
    "turno": "jornada",
    "fecha_asignacion": "2024-01-01"
  }}
]
